Title,Price,URL
iPhone 17 APPLE (6.3'' - 256 GB - Branco),"€989,99",https://www.worten.pt/produtos/iphone-17-apple-6-3-256-gb-branco-8600279
iPhone 16 APPLE (6.1'' - 128 GB - Branco),"€989,99",https://www.worten.pt/produtos/iphone-16-apple-6-1-128-gb-branco-8155749
iPhone 17 APPLE (6.3'' - 512 GB - Branco),"€989,99",https://www.worten.pt/produtos/iphone-17-apple-6-3-512-gb-branco-8600334
iPhone 14 APPLE (6.1'' - 256 GB - Branco),"€989,99",https://www.worten.pt/produtos/iphone-14-apple-6-1-256-gb-branco-mrkean-0194253410232
"Patrocinado
Iphone 16 Apple (recondicionado Sinais De Uso 128 Go Branco)","€989,99",https://www.worten.pt/produtos/iphone-16-apple-recondicionado-sinais-de-uso-128-go-branco-mrkean-3663705124135
"Patrocinado
iPhone 11 APPLE (Recondicionado Marcas Mínimas - 64 GB - Branco)","€989,99",https://www.worten.pt/produtos/iphone-11-apple-recondicionado-marcas-minimas-64-gb-branco-mrkean-3663705028990
"Patrocinado
iPhone 11 APPLE (Recondicionado Marcas Mínimas - 64 GB - Vermelho)","€989,99",https://www.worten.pt/produtos/iphone-11-apple-recondicionado-marcas-minimas-64-gb-vermelho-mrkean-3663705029027
"Patrocinado
iPhone 8 APPLE (Recondicionado Marcas Mínimas - 64 GB - Cinzento sideral)","€989,99",https://www.worten.pt/produtos/iphone-8-apple-recondicionado-marcas-minimas-64-gb-cinzento-sideral-mrkean-3663705016713
Cabo de Carregamento APPLE 60W Usb-C (1 M - Branco),"€989,99",https://www.worten.pt/produtos/cabo-de-carregamento-apple-60w-usb-c-1-m-branco-8152721
Iphone 16 128gb Branco Apple,"€989,99",https://www.worten.pt/produtos/iphone-16-128gb-branco-apple-mrkean-0195949822148
iPhone 14 APPLE (Recondicionado Como Novo - 128 GB - Branco),"€989,99",https://www.worten.pt/produtos/iphone-14-apple-recondicionado-como-novo-128-gb-branco-mrkean-3663705088239
iPhone 17e APPLE (6.1'' - 256 GB - Branco),"€989,99",https://www.worten.pt/produtos/iphone-17e-apple-6-1-256-gb-branco-8782295
iPhone 14 APPLE (6.1'' - 128 GB - Branco),"€989,99",https://www.worten.pt/produtos/iphone-14-apple-6-1-128-gb-branco-mrkean-0194253408581
iPhone Air APPLE (6.5'' - 256 GB - Branco-nuvem),"€989,99",https://www.worten.pt/produtos/iphone-air-apple-6-5-256-gb-branco-nuvem-8600374
Auriculares APPLE Earpods (USB-C - Microfone - Branco),"€989,99",https://www.worten.pt/produtos/auriculares-apple-earpods-usb-c-microfone-branco-8157680
iPhone 14 APPLE (Recondicionado Flippers Marcas Mínimas - 6.1'' - 128 GB - Branco),"€989,99",https://www.worten.pt/produtos/iphone-14-apple-recondicionado-flippers-marcas-minimas-6-1-128-gb-branco-7729246
"Patrocinado
Iphone 15 APPLE 128 Go Negro (Recondicionado Marcas Mínimas)","€989,99",https://www.worten.pt/produtos/iphone-15-apple-128-go-negro-recondicionado-marcas-minimas-mrkean-3663705103529
Iphone 16 Apple (recondicionado Sinais De Uso 128 Go Branco),"€989,99",https://www.worten.pt/produtos/iphone-16-apple-recondicionado-sinais-de-uso-128-go-branco-mrkean-3663705124135
iPhone 13 APPLE (Recondicionado Sinais de Uso - 128 GB - Branco),"€989,99",https://www.worten.pt/produtos/iphone-13-apple-recondicionado-sinais-de-uso-128-gb-branco-mrkean-3663705062833
Bateria iPhone Air MagSafe (20W - MagSafe/Usb-C - Branco),"€989,99",https://www.worten.pt/produtos/bateria-iphone-air-magsafe-20w-magsafe-usb-c-branco-8600682
iPhone 16e APPLE (6.1'' - 128 GB - Branco),"€989,99",https://www.worten.pt/produtos/iphone-16e-apple-6-1-128-gb-branco-8377218
iPhone 15 Pro APPLE (Recondicionado - Como novo - 256 Go - Branco),"€989,99",https://www.worten.pt/produtos/iphone-15-pro-apple-recondicionado-como-novo-256-go-branco-mrkean-3663705105059
Smartphone APPLE Iphone 15 Pro 256Gb Branco Grau Premium (Recondicionado Como Novo),"€989,99",https://www.worten.pt/produtos/smartphone-apple-iphone-15-pro-256gb-branco-grau-premium-recondicionado-como-novo-mrkean-mp12853-00106295000089
iPhone 13 APPLE (Recondicionado Marcas Mínimas - 128 GB - Branco),"€989,99",https://www.worten.pt/produtos/iphone-13-apple-recondicionado-marcas-minimas-128-gb-branco-mrkean-3663705062888
iPhone 11 APPLE (Recondicionado Flippers Marcas Mínimas - 6.1'' - 64 GB - Branco),"€989,99",https://www.worten.pt/produtos/iphone-11-apple-recondicionado-flippers-marcas-minimas-6-1-64-gb-branco-7470042
AirPods 5 APPLE com Caixa de Carregamento Wireless (In Ear - Microfone - Active Noise Cancelling - Branco),"€989,99",https://www.worten.pt/produtos/airpods-5-apple-com-caixa-de-carregamento-wireless-in-ear-microfone-active-noise-cancelling-branco-8997556
iPhone 13 APPLE (6.1'' - 128 GB - Branco),"€989,99",https://www.worten.pt/produtos/iphone-13-apple-6-1-128-gb-branco-mrkean-0194252707555
AirPods 5 APPLE (In Ear - Microfone - Active Noise Cancelling - Branco),"€989,99",https://www.worten.pt/produtos/airpods-5-apple-in-ear-microfone-active-noise-cancelling-branco-8997557
iPhone 14 APPLE (Recondicionado Marcas Mínimas - 128 GB - Branco),"€989,99",https://www.worten.pt/produtos/iphone-14-apple-recondicionado-marcas-minimas-128-gb-branco-mrkean-3663705088130
Airpods 4 APPLE (In Ear - Microfone - Branco),"€989,99",https://www.worten.pt/produtos/airpods-4-apple-in-ear-microfone-branco-8155131
iPhone 14 APPLE (Recondicionado Como Novo - 256 GB - Branco),"€989,99",https://www.worten.pt/produtos/iphone-14-apple-recondicionado-como-novo-256-gb-branco-mrkean-3663705087980
iPhone 11 APPLE (Recondicionado Flippers Como Novo - 6.1'' - 64 GB - Branco),"€989,99",https://www.worten.pt/produtos/iphone-11-apple-recondicionado-flippers-como-novo-6-1-64-gb-branco-7470025
Airpods Pro APPLE 3ª Geração USB-C (In Ear - Microfone - Active Noise Cancelling - Branco),"€989,99",https://www.worten.pt/produtos/airpods-pro-apple-3a-geracao-usb-c-in-ear-microfone-active-noise-cancelling-branco-8600355
iPhone 11 APPLE (Recondicionado Marcas Mínimas - 64 GB - Branco),"€989,99",https://www.worten.pt/produtos/iphone-11-apple-recondicionado-marcas-minimas-64-gb-branco-mrkean-3663705028990
Smartphone Iphone 15 Pro Max 256 Gb Branco Recondicionado Marcas Mínimas,"€989,99",https://www.worten.pt/produtos/smartphone-iphone-15-pro-max-256-gb-branco-recondicionado-marcas-minimas-mrkean-mp13687-uwvgq7sjhvu34e8
iPhone 13 APPLE (Recondicionado Como Novo - 128 GB - Branco),"€989,99",https://www.worten.pt/produtos/iphone-13-apple-recondicionado-como-novo-128-gb-branco-mrkean-3663705062987
iPhone 12 APPLE (Recondicionado Como Novo - 128 GB - Branco ),"€989,99",https://www.worten.pt/produtos/iphone-12-apple-recondicionado-como-novo-128-gb-branco-mrkean-8435743200370
iPhone 11 APPLE (Recondicionado Flippers Como Novo - 6.1'' - 128 GB - Branco),"€989,99",https://www.worten.pt/produtos/iphone-11-apple-recondicionado-flippers-como-novo-6-1-128-gb-branco-7469973
iPhone 16 Plus APPLE (6.7'' - 128 GB - Branco),"€989,99",https://www.worten.pt/produtos/iphone-16-plus-apple-6-7-128-gb-branco-8155734
iPhone 13 Mini APPLE (Recondicionado Como Novo - 128 GB - Branco),"€989,99",https://www.worten.pt/produtos/iphone-13-mini-apple-recondicionado-como-novo-128-gb-branco-mrkean-3663705063731
iPhone 15 Pro APPLE (Recondicionado Flippers Como Novo - 6.1'' - 256 GB - Branco),"€989,99",https://www.worten.pt/produtos/iphone-15-pro-apple-recondicionado-flippers-como-novo-6-1-256-gb-branco-8008741
Iphone 15 Pro APPLE (Recondicionado Marcas Mínimas - 256 GB - Branco),"€989,99",https://www.worten.pt/produtos/iphone-15-pro-apple-recondicionado-marcas-minimas-256-gb-branco-mrkean-3663705104977
iPhone 12 APPLE (Recondicionado Marcas Mínimas - 128 GB - Branco),"€989,99",https://www.worten.pt/produtos/iphone-12-apple-recondicionado-marcas-minimas-128-gb-branco-mrkean-3663705047632
Iphone 15 Pro APPLE (Recondicionado Como Novo - 128 GB - Branco),"€989,99",https://www.worten.pt/produtos/iphone-15-pro-apple-recondicionado-como-novo-128-gb-branco-mrkean-3663705104854
Smartphone Iphone 13 128 Gb Branco Recondicionado Marcas Mínimas,"€989,99",https://www.worten.pt/produtos/smartphone-iphone-13-128-gb-branco-recondicionado-marcas-minimas-mrkean-mp13687-hudtjs7bhrajbbz
iPhone 16 APPLE (6.1'' - 512 GB - Branco),"€989,99",https://www.worten.pt/produtos/iphone-16-apple-6-1-512-gb-branco-8155759
Iphone 15 Pro Apple 128 Gb Titânio Branco (Recondicionado Sinais de Uso),"€989,99",https://www.worten.pt/produtos/iphone-15-pro-apple-128-gb-titanio-branco-recondicionado-sinais-de-uso-mrkean-mp10681-renzlvqkgu4xkvp
iPhone 14 APPLE (Recondicionado Sinais de Uso - 128 GB - Branco),"€989,99",https://www.worten.pt/produtos/iphone-14-apple-recondicionado-sinais-de-uso-128-gb-branco-mrkean-3663705088086
iPhone SE 2022 APPLE (Recondicionado Como Novo - 128 GB - Branco),"€989,99",https://www.worten.pt/produtos/iphone-se-2022-apple-recondicionado-como-novo-128-gb-branco-mrkean-3663705083845
iPhone 16 APPLE (Recondicionado Flippers Marcas Mínimas - 6.1'' - 128 GB - Branco),"€989,99",https://www.worten.pt/produtos/iphone-16-apple-recondicionado-flippers-marcas-minimas-6-1-128-gb-branco-8290550
Iphone 15 Pro Max APPLE (Recondicionado Marcas Mínimas - 256 GB - Branco),"€989,99",https://www.worten.pt/produtos/iphone-15-pro-max-apple-recondicionado-marcas-minimas-256-gb-branco-mrkean-3663705105578
iPhone 12 APPLE (Recondicionado Como Novo - 256 GB - Branco),"€989,99",https://www.worten.pt/produtos/iphone-12-apple-recondicionado-como-novo-256-gb-branco-mrkean-3663705047984
iPhone 11 APPLE (Recondicionado Flippers Como Novo - 6.1'' - 256 GB - Branco),"€989,99",https://www.worten.pt/produtos/iphone-11-apple-recondicionado-flippers-como-novo-6-1-256-gb-branco-7469997
